                  epoch,         train/box_loss,         train/cls_loss,         train/dfl_loss,   metrics/precision(B),      metrics/recall(B),       metrics/mAP50(B),    metrics/mAP50-95(B),           val/box_loss,           val/cls_loss,           val/dfl_loss,                 lr/pg0,                 lr/pg1,                 lr/pg2
                      1,                 1.0661,                 3.1041,                 1.4179,                0.59769,                0.89802,                0.88768,                 0.6205,                 1.3936,                 1.3312,                 1.2511,                      0,                      0,                      0
                      2,                  1.064,                 2.6524,                 1.3279,                0.59118,                0.88552,                0.88771,                0.61941,                 1.3964,                 1.3512,                 1.2561,             1.1782e-06,             1.1782e-06,             1.1782e-06
                      3,                 1.0499,                  2.124,                 1.3422,                0.60685,                0.87505,                0.88787,                0.62722,                 1.4128,                 1.3769,                 1.2601,             2.3329e-06,             2.3329e-06,             2.3329e-06
                      4,                 1.3277,                 3.4623,                  1.564,                0.56075,                0.85097,                0.87427,                0.61764,                 1.4438,                  1.385,                 1.2719,              3.464e-06,              3.464e-06,              3.464e-06
                      5,                 1.4669,                 2.7794,                 1.8388,                0.56752,                0.83333,                0.87301,                0.59425,                  1.458,                  1.416,                 1.2749,             4.5715e-06,             4.5715e-06,             4.5715e-06
